{
  "alpha": 0.7,
  "beta": 0.2,
  "gamma": 0.1,
  "delta": 2.7755575615628914e-17,
  "t_shutdown": 88.0,
  "rpm_min": 800,
  "rpm_levels": [
    800,
    1500,
    2500,
    3500,
    4500
  ],
  "best_params": {
    "alpha": 0.7,
    "beta": 0.2,
    "gamma": 0.1,
    "delta": 2.7755575615628914e-17,
    "score": -0.012862444444444444
  }
}