{
  "label": "failure_60s",
  "results": [
    {
      "model": "baseline",
      "label": "failure_60s",
      "n_train": 138437,
      "n_val": 27319,
      "n_test": 30312,
      "pos_rate_test": 0.05552256532066508,
      "precision": 0.7401,
      "recall": 0.7326,
      "f1": 0.7363,
      "pr_auc": 0.1857,
      "roc_auc": 0.8595,
      "fn_rate_shutdown": 0.0443,
      "lead_time": {
        "mean_s": 14.094748358862148,
        "median_s": 14.4,
        "min_s": 0.6,
        "max_s": 21.0,
        "n_incidents": 7,
        "n_detected": 914
      },
      "anticipatory": {
        "recall": 0.964,
        "precision": 0.482,
        "n_pos": 417,
        "n": 22981
      }
    },
    {
      "model": "logistic",
      "label": "failure_60s",
      "n_train": 138437,
      "n_val": 27319,
      "n_test": 30312,
      "pos_rate_test": 0.05552256532066508,
      "precision": 0.9502,
      "recall": 0.975,
      "f1": 0.9625,
      "pr_auc": 0.9934,
      "roc_auc": 0.9995,
      "fn_rate_shutdown": 0.0036,
      "lead_time": {
        "mean_s": 13.852348993288594,
        "median_s": 14.4,
        "min_s": 0.6,
        "max_s": 21.6,
        "n_incidents": 7,
        "n_detected": 1043
      },
      "anticipatory": {
        "recall": 0.8993,
        "precision": 0.826,
        "n_pos": 417,
        "n": 22981
      }
    },
    {
      "model": "random_forest",
      "label": "failure_60s",
      "n_train": 138437,
      "n_val": 27319,
      "n_test": 30312,
      "pos_rate_test": 0.05552256532066508,
      "precision": 0.9513,
      "recall": 0.9976,
      "f1": 0.9739,
      "pr_auc": 0.9844,
      "roc_auc": 0.9992,
      "fn_rate_shutdown": 0.0004,
      "lead_time": {
        "mean_s": 13.825263157894742,
        "median_s": 14.4,
        "min_s": 0.6,
        "max_s": 21.0,
        "n_incidents": 7,
        "n_detected": 1045
      },
      "anticipatory": {
        "recall": 0.9904,
        "precision": 0.8343,
        "n_pos": 417,
        "n": 22981
      }
    },
    {
      "model": "gradient_boosting",
      "label": "failure_60s",
      "n_train": 138437,
      "n_val": 27319,
      "n_test": 30312,
      "pos_rate_test": 0.05552256532066508,
      "precision": 0.9075,
      "recall": 0.997,
      "f1": 0.9502,
      "pr_auc": 0.9906,
      "roc_auc": 0.9994,
      "fn_rate_shutdown": 0.0005,
      "lead_time": {
        "mean_s": 14.096267942583738,
        "median_s": 14.4,
        "min_s": 0.6,
        "max_s": 21.0,
        "n_incidents": 7,
        "n_detected": 1045
      },
      "anticipatory": {
        "recall": 0.988,
        "precision": 0.7103,
        "n_pos": 417,
        "n": 22981
      }
    }
  ]
}